{"cameraMode":{"drawMode":0,"name":"Shaded","section":"Shading Mode"},"sceneLighting":true,"audioPlay":false,"sceneViewState":{"m_AlwaysRefresh":false,"showFog":true,"showSkybox":true,"showFlares":true,"showImageEffects":true,"showParticleSystems":true,"showVisualEffectGraphs":true,"m_FxEnabled":true},"in2DMode":false,"pivot":{"x":557.4927368164063,"y":166.23846435546876,"z":-26.077239990234376},"rotation":{"x":-0.1582896113395691,"y":0.022506672888994218,"z":-0.0036089953500777485,"w":-0.987129807472229},"size":291.1867980957031,"orthographic":false}