{"cameraMode":{"drawMode":0,"name":"Shaded","section":"Shading Mode"},"sceneLighting":true,"audioPlay":false,"sceneViewState":{"m_AlwaysRefresh":false,"showFog":true,"showSkybox":true,"showFlares":true,"showImageEffects":true,"showParticleSystems":true,"showVisualEffectGraphs":true,"m_FxEnabled":true},"in2DMode":false,"pivot":{"x":-0.2967195510864258,"y":-31.00493812561035,"z":35.46558380126953},"rotation":{"x":0.33755525946617129,"y":0.019764551892876626,"z":-0.007089262828230858,"w":0.9410698413848877},"size":29.842275619506837,"orthographic":false}